{
  "package-lock.json": 1751131362.5306787,
  "uno.config.mjs": 1750704742.0806453,
  "data/us-state-centroids.json": 1751037207.7154408,
  "firebase.json": 1749742819.5837317,
  ".firebaserc": 1749742819.5837317,
  "logic-index.md": 1750249706.0991557,
  ".gitignore": 1751284478.5807352,
  "hugos-path.md": 1750249706.089106,
  "package.json": 1751131362.430571,
  "README.md": 1750254916.3348222,
  "worker/package-lock.json": 1746447397.5131683,
  "worker/src/routes/sandbox.js": 1749035993.3355827,
  "worker/src/index.mjs": 1749035993.3355827,
  "worker/src/townhall/listPosts.js": 1750254916.3348222,
  "worker/src/townhall/deletePost.js": 1750254916.3348222,
  "worker/src/townhall/createPost.js": 1749035993.3355827,
  "worker/src/townhall/utils.js": 1749035993.3355827,
  "worker/package.json": 1746447397.5131683,
  "worker/migrations/0002_add_contact_fields.sql": 1746995114.5056522,
  "worker/migrations/0001_add_events_table.sql": 1746446967.3355846,
  "worker/wrangler.toml": 1749035993.3355827,
  "treethisisus.txt": 1750941332.7265086,
  "layouts/_default/candidates-single.html": 1748186965.6450725,
  "layouts/_default/single.rino.html": 1751030607.2130117,
  "layouts/_default/single.html": 1745772655.6983323,
  "layouts/_default/baseof.html": 1750729371.06064,
  "layouts/_default/list.html": 1745772655.6983323,
  "layouts/_default/onthemeupdate.md": 1745772655.6983323,
  "layouts/shortcodes/card.html": 1746995114.4957347,
  "layouts/shortcodes/sandboxpromo.html": 1750249706.0991557,
  "layouts/shortcodes/candidates-list.html": 1750249706.0991557,
  "layouts/login/single.html": 1749035993.3355827,
  "layouts/admin/users.html": 1749742819.5837317,
  "layouts/admin/threads.html": 1749742819.5837317,
  "layouts/ballot/list.html": 1750249706.089106,
  "layouts/ballot/index.html": 1750249706.089106,
  "layouts/forum/lex-decorum/list.html": 1750249706.0991557,
  "layouts/forum/suffragium-civitatis/list.html": 1750249706.0991557,
  "layouts/forum/list.html": 1750253140.447619,
  "layouts/forum/curia/single.html": 1750249706.0991557,
  "layouts/forum/curia/list.html": 1750249706.0991557,
  "layouts/forum/quaestiones/single.html": 1750249706.0991557,
  "layouts/forum/quaestiones/list.html": 1750249706.0991557,
  "layouts/forum/tabulae-publicae/list.html": 1750249706.0991557,
  "layouts/account/single.html": 1750439543.0929568,
  "layouts/sandbox/single.html": 1750249706.0991557,
  "layouts/sandbox/interactive.html": 1750249706.0991557,
  "layouts/events/single.html": 1745772655.6983323,
  "layouts/events/create.html": 1751132189.1555629,
  "layouts/events/section.html": 1750733134.6611502,
  "layouts/events/hub.html": 1747322077.3695774,
  "layouts/candidates/list.html": 1750249706.0991557,
  "layouts/candidates/upload.html": 1750249706.0991557,
  "layouts/index.html": 1748037612.7982073,
  "layouts/townhall/map.html": 1749742819.5837317,
  "layouts/townhall/thread/single.html": 1750439543.0929568,
  "layouts/townhall/threads.html": 1750249706.0991557,
  "layouts/townhall/_index.html": 1750254916.344822,
  "layouts/townhall/section.html": 1750457846.9851046,
  "layouts/townhall/create-thread/section.html": 1750706056.5063741,
  "layouts/partials/cover.html": 1745772655.6983323,
  "layouts/partials/index_profile.html": 1745772655.6983323,
  "layouts/partials/author.html": 1745772655.6983323,
  "layouts/partials/event-step-location.html": 1751115850.5716307,
  "layouts/partials/home_info.html": 1745772655.6983323,
  "layouts/partials/extend_head.html": 1751115195.4719024,
  "layouts/partials/templates/twitter_cards.html": 1746022631.790329,
  "layouts/partials/templates/schema_json.html": 1746025054.063694,
  "layouts/partials/templates/opengraph.html": 1746022541.418356,
  "layouts/partials/footer.html": 1747307204.6869073,
  "layouts/partials/site-scripts.html": 1751147716.2388887,
  "layouts/partials/event-card.html": 1746995114.4957347,
  "layouts/partials/event-location-map.html": 1751053409.0684545,
  "layouts/partials/firebase-init.html": 1749767912.2746933,
  "layouts/partials/floating-auth.html": 1750729507.6113672,
  "layouts/partials/extend_footer.html": 1747306432.5604854,
  "layouts/partials/head-styles.html": 1750731320.0322793,
  "layouts/partials/anchored_headings.html": 1745772655.6983323,
  "layouts/partials/_funcs/get-page-images.html": 1746022541.418356,
  "layouts/partials/post_meta.html": 1745772655.6983323,
  "layouts/partials/breadcrumbs.html": 1745772655.6983323,
  "layouts/partials/head.html": 1745772655.6983323,
  "layouts/partials/header.html": 1750249706.0991557,
  "layouts/partials/events/map-controls.html": 1750732864.9991248,
  "layouts/partials/google_analytics.html": 1746022086.7601726,
  "layouts/partials/event-form.html": 1751136487.321152,
  "layouts/partials/candidates/warrior-directory.html": 1750249706.0991557,
  "assets/css/includes/chroma-mod.css": 1745772655.688622,
  "assets/css/includes/scroll-bar.css": 1745772655.688622,
  "assets/css/includes/chroma-styles.css": 1745772655.688622,
  "assets/css/main.css": 1750339444.979516,
  "assets/css/extended/blank.css": 1745772655.688622,
  "assets/css/common/header.css": 1745772655.688622,
  "assets/css/common/footer.css": 1745772655.688622,
  "assets/css/common/forms.css": 1750249706.089106,
  "assets/css/common/main.css": 1745772655.688622,
  "assets/css/common/buttons.css": 1750249706.089106,
  "assets/css/common/post-entry.css": 1745772655.688622,
  "assets/css/common/404.css": 1745772655.688622,
  "assets/css/common/terms.css": 1745772655.688622,
  "assets/css/common/profile-mode.css": 1745772655.688622,
  "assets/css/common/archive.css": 1745772655.688622,
  "assets/css/common/search.css": 1745772655.688622,
  "assets/css/common/post-single.css": 1745772655.688622,
  "assets/css/core/zmedia.css": 1745772655.688622,
  "assets/css/core/theme-vars.css": 1745772655.688622,
  "assets/css/core/reset.css": 1745772655.688622,
  "assets/css/core/typography.css": 1750249706.089106,
  "assets/css/core/license.css": 1745772655.688622,
  "assets/css/custom-overrides.css": 1750249706.089106,
  "postcss.config.js": 1750339122.7026217,
  "content/donate.md": 1746639004.369532,
  "content/login/index.md": 1749035993.3355827,
  "content/manifesto.md": 1746636982.9500628,
  "content/rino.md": 1751031101.909858,
  "content/volunteer.md": 1746457922.9820478,
  "content/ballot/_index.md": 1750339730.0767572,
  "content/credits.md": 1747779727.365345,
  "content/forum/lex-decorum/_index.md": 1750250063.2492795,
  "content/forum/suffragium-civitatis/_index.md": 1750250095.039539,
  "content/forum/_index.md": 1750254378.3920457,
  "content/forum/curia/praetor-magnus.md": 1750249706.089106,
  "content/forum/curia/_index.md": 1750250059.2087638,
  "content/forum/quaestiones/_index.md": 1750250074.6032503,
  "content/forum/quaestiones/aquaeductus-nova.md": 1750249706.089106,
  "content/forum/tabulae-publicae/_index.md": 1750339898.0553496,
  "content/podcast.md": 1746430656.0129614,
  "content/_index.md": 1750249706.089106,
  "content/sandbox/index.md": 1747793967.8818402,
  "content/about.md": 1745248362.5973644,
  "content/voices.md": 1745201939.0861437,
  "content/events/hub.md": 1746022086.7601726,
  "content/events/create.md": 1746720747.2416549,
  "content/events/_index.md": 1747320151.3385615,
  "content/contact.md": 1745201939.0861437,
  "content/candidates/_index.md": 1748190641.3547459,
  "content/candidates/upload.md": 1747563649.2942152,
  "content/townhall/threads/_index.md": 1749742819.5837317,
  "content/townhall/thread/index.md": 1750439543.0929568,
  "content/townhall/_index.md": 1750249706.089106,
  "content/townhall/create-thread/_index.md": 1750453197.8191545,
  "content/account.md": 1749035993.3355827,
  ".hugo_build.lock": 1744032241.9673367,
  ".gitmodules": 1745203248.8904977,
  "config.toml": 1751029745.3350172,
  "patch-thread-view.sh": 1750439543.0929568,
  "functions/index.js": 1750704883.152161,
  "setup_this_is_us.py": 1744034975.307328,